Expiration,Strike,Option_Type,Latest,Bid,Ask,Change,Volume,Open Int,IV,Last Trade,Mid,OTM
2026-05-15,73.0,Call,13.73,13.6,13.75,unch,0,3,0.0,04/16/26,13.675,False
2026-05-15,73.0,Put,0.01,0.0,0.01,unch,0,793,0.27190000000000003,04/21/26,0.005,True
2026-05-15,74.0,Call,12.85,12.6,12.75,unch,0,2,0.0,,12.675,False
2026-05-15,74.0,Put,0.01,0.0,0.01,unch,345,4286,0.272,04/24/26,0.005,True
2026-05-15,75.0,Call,11.45,11.6,11.75,unch,0,40,0.0,04/23/26,11.675,False
2026-05-15,75.0,Put,0.01,0.0,0.01,unch,80,26908,0.2515,04/24/26,0.005,True
2026-05-15,76.0,Call,10.42,10.6,10.75,unch,0,35,0.0,04/16/26,10.675,False
2026-05-15,76.0,Put,0.01,0.0,0.01,-0.01,23,2655,0.231,04/24/26,0.005,True
2026-05-15,77.0,Call,10.2,9.6,9.75,unch,0,6,0.0,,9.675,False
2026-05-15,77.0,Put,0.01,0.01,0.02,unch,0,1961,0.2216,04/22/26,0.015,True
2026-05-15,78.0,Call,8.57,8.6,8.75,unch,0,5,0.0,,8.675,False
2026-05-15,78.0,Put,0.01,0.01,0.02,unch,44,1771,0.1905,04/24/26,0.015,True
2026-05-15,79.0,Call,8.17,7.6,7.75,unch,0,52,0.0,04/17/26,7.675,False
2026-05-15,79.0,Put,0.01,0.01,0.03,-0.01,51,3415,0.1703,04/24/26,0.02,True
2026-05-15,80.0,Call,6.57,6.6,6.75,-0.43,12,677,0.0,04/24/26,6.675,False
2026-05-15,80.0,Put,0.02,0.02,0.03,-0.03,126,16425,0.165,04/24/26,0.025,True
2026-05-15,81.0,Call,5.83,5.6,5.8,+0.11,22,114,0.0,04/24/26,5.699999999999999,False
2026-05-15,81.0,Put,0.04,0.03,0.04,-0.04,91,11766,0.1603,04/24/26,0.035,True
2026-05-15,81.5,Call,5.5,5.1,5.3,unch,0,10,0.0,04/23/26,5.199999999999999,False
2026-05-15,81.5,Put,0.07,0.04,0.05,unch,99,113,0.1516,04/24/26,0.045,True
2026-05-15,82.0,Call,4.75,4.65,4.8,+4.75,13,734,0.0,04/24/26,4.725,False
2026-05-15,82.0,Put,0.06,0.06,0.07,-0.03,40,15863,0.1475,04/24/26,0.065,True
2026-05-15,82.5,Call,4.14,4.15,4.3,+4.14,6,4,0.0,04/24/26,4.225,False
2026-05-15,82.5,Put,0.08,0.07,0.08,-0.03,107,136,0.1434,04/24/26,0.07500000000000001,True
2026-05-15,83.0,Call,3.8,3.65,3.8,+0.10,18,430,0.0,04/24/26,3.7249999999999996,False
2026-05-15,83.0,Put,0.1,0.09,0.1,-0.02,534,9187,0.13699999999999998,04/24/26,0.095,True
2026-05-15,83.5,Call,3.25,3.15,3.3,-0.13,10,11,0.0,04/24/26,3.2249999999999996,False
2026-05-15,83.5,Put,0.12,0.12,0.14,-0.12,166,188,0.12890000000000001,04/24/26,0.13,True
2026-05-15,84.0,Call,2.71,2.72,2.8,-0.07,21,2212,0.0,04/24/26,2.76,False
2026-05-15,84.0,Put,0.17,0.17,0.18,-0.05,679,34860,0.1265,04/24/26,0.175,True
2026-05-15,84.5,Call,2.38,2.27,2.33,-0.14,4,1,0.0,04/24/26,2.3,False
2026-05-15,84.5,Put,0.23,0.23,0.24,-0.15,304,385,0.12269999999999999,04/24/26,0.235,True
2026-05-15,85.0,Call,1.95,1.85,1.89,+0.09,124,5094,0.0679,04/24/26,1.87,False
2026-05-15,85.0,Put,0.31,0.32,0.33,-0.08,2041,70941,0.1213,04/24/26,0.325,True
2026-05-15,85.5,Call,1.46,1.47,1.49,-0.02,155,183,0.07629999999999999,04/24/26,1.48,False
2026-05-15,85.5,Put,0.43,0.44,0.45,-0.10,79,1722,0.11939999999999999,04/24/26,0.445,True
2026-05-15,86.0,Call,1.16,1.12,1.14,-0.01,303,15977,0.07980000000000001,04/24/26,1.13,False
2026-05-15,86.0,Put,0.59,0.6,0.61,-0.09,1792,41320,0.1183,04/24/26,0.605,True
2026-05-15,86.5,Call,0.84,0.82,0.84,-0.05,3777,8178,0.08310000000000001,04/24/26,0.83,False
2026-05-15,86.5,Put,0.79,0.8,0.82,-0.15,128,3011,0.11800000000000001,04/24/26,0.81,True
2026-05-15,87.0,Call,0.59,0.57,0.59,-0.04,2903,70528,0.0837,04/24/26,0.58,True
2026-05-15,87.0,Put,1.05,1.06,1.08,-0.12,1057,34368,0.1193,04/24/26,1.07,False
2026-05-15,87.5,Call,0.39,0.38,0.4,-0.06,110,1398,0.0834,04/24/26,0.39,True
2026-05-15,87.5,Put,1.44,1.38,1.4,-0.22,27,630,0.1231,04/24/26,1.39,False
2026-05-15,88.0,Call,0.26,0.25,0.26,-0.04,27686,51185,0.08560000000000001,04/24/26,0.255,True
2026-05-15,88.0,Put,1.75,1.74,1.8,-0.07,264,10798,0.1275,04/24/26,1.77,False
2026-05-15,88.5,Call,0.17,0.16,0.17,-0.04,5203,3974,0.08789999999999999,04/24/26,0.165,True
2026-05-15,88.5,Put,2.12,2.16,2.23,+0.16,1,56,0.1402,04/24/26,2.1950000000000003,False
2026-05-15,89.0,Call,0.1,0.11,0.12,-0.05,3535,78206,0.0917,04/24/26,0.11499999999999999,True
2026-05-15,89.0,Put,2.66,2.61,2.7,-0.14,111,29623,0.1539,04/24/26,2.6550000000000002,False
2026-05-15,89.5,Call,0.1,0.08,0.09,-0.02,29,1760,0.0975,04/24/26,0.08499999999999999,True
2026-05-15,89.5,Put,2.89,3.05,3.2,unch,0,3,0.1661,04/23/26,3.125,False
2026-05-15,90.0,Call,0.06,0.06,0.07,-0.03,30429,102561,0.1018,04/24/26,0.065,True
2026-05-15,90.0,Put,3.68,3.55,3.7,-0.07,95,8600,0.19269999999999998,04/24/26,3.625,False
2026-05-15,90.5,Call,0.05,0.05,0.06,-0.03,1,33,0.10949999999999999,04/24/26,0.055,True
2026-05-15,90.5,Put,0.0,4.05,4.2,unch,0,0,0.1996,,4.125,False
2026-05-15,91.0,Call,0.04,0.04,0.05,-0.03,486,16337,0.1157,04/24/26,0.045,True
2026-05-15,91.0,Put,4.67,4.55,4.7,-0.28,5,3658,0.22399999999999998,04/24/26,4.625,False
2026-05-15,91.5,Call,0.04,0.04,0.05,-0.02,2,6,0.1265,04/24/26,0.045,True
2026-05-15,91.5,Put,4.8,5.05,5.2,unch,0,3,0.231,04/23/26,5.125,False
2026-05-15,92.0,Call,0.03,0.03,0.04,-0.03,450,64905,0.1303,04/24/26,0.035,True
2026-05-15,92.0,Put,5.6,5.5,5.7,unch,3,506,0.2409,04/24/26,5.6,False
2026-05-15,92.5,Call,0.04,0.03,0.04,-0.01,101,1261,0.1474,04/24/26,0.035,True
2026-05-15,92.5,Put,5.7,6.0,6.2,unch,0,8,0.2556,04/20/26,6.1,False
2026-05-15,93.0,Call,0.04,0.03,0.04,unch,10,11232,0.1576,04/24/26,0.035,True
2026-05-15,93.0,Put,6.27,6.5,6.65,unch,0,361,0.2642,04/23/26,6.575,False
2026-05-15,94.0,Call,0.03,0.02,0.03,unch,171,36452,0.16940000000000002,04/24/26,0.025,True
2026-05-15,94.0,Put,7.45,7.5,7.65,+0.19,19,132,0.2917,04/24/26,7.575,False
2026-05-15,95.0,Call,0.03,0.02,0.03,unch,41,110694,0.1881,04/24/26,0.025,True
2026-05-15,95.0,Put,8.15,8.5,8.65,unch,0,390,0.3182,04/22/26,8.575,False
2026-05-15,96.0,Call,0.01,0.01,0.02,-0.02,26,10483,0.17809999999999998,04/24/26,0.015,True
2026-05-15,96.0,Put,9.45,9.5,9.65,unch,0,81,0.344,04/21/26,9.575,False
2026-05-15,97.0,Call,0.03,0.01,0.02,unch,0,10432,0.204,04/23/26,0.015,True
2026-05-15,97.0,Put,11.47,10.5,10.65,unch,0,42,0.369,,10.575,False
2026-05-15,98.0,Call,0.01,0.0,0.01,-0.01,1345,7662,0.2097,04/24/26,0.005,True
2026-05-15,98.0,Put,11.41,11.5,11.65,unch,0,119,0.3933,04/22/26,11.575,False
2026-05-15,99.0,Call,0.01,0.0,0.01,-0.04,569,2526,0.225,04/24/26,0.005,True
2026-05-15,99.0,Put,0.0,12.5,12.65,unch,0,0,0.4171,,12.575,False
2026-05-15,100.0,Call,0.01,0.0,0.01,unch,10,10204,0.2401,04/24/26,0.005,True
2026-05-15,100.0,Put,13.33,13.5,13.65,unch,0,32,0.4403,04/20/26,13.575,False
2026-06-18,55.0,Call,32.1,29.65,33.8,unch,0,0,0.0,,31.724999999999998,False
2026-06-18,55.0,Put,0.01,0.0,0.01,unch,0,8480,0.4048,,0.005,True
2026-06-18,60.0,Call,26.9,26.45,26.95,unch,0,33,0.0,,26.7,False
2026-06-18,60.0,Put,0.01,0.0,0.01,unch,0,19332,0.3329,04/23/26,0.005,True
2026-06-18,65.0,Call,21.7,21.45,21.95,unch,0,5,0.0,,21.7,False
2026-06-18,65.0,Put,0.02,0.01,0.02,+0.02,300,723,0.3077,04/24/26,0.015,True
2026-06-18,70.0,Call,16.65,16.45,16.95,unch,1,80,0.0,04/24/26,16.7,False
2026-06-18,70.0,Put,0.03,0.02,0.03,unch,0,12007,0.2433,04/22/26,0.025,True
2026-06-18,74.0,Call,12.88,12.45,12.95,unch,0,3,0.0,,12.7,False
2026-06-18,74.0,Put,0.07,0.04,0.06,unch,0,1601,0.2071,04/21/26,0.05,True
2026-06-18,75.0,Call,11.92,11.45,11.95,unch,0,782,0.0,04/22/26,11.7,False
2026-06-18,75.0,Put,0.06,0.05,0.07,-0.02,5,20085,0.198,04/24/26,0.060000000000000005,True
2026-06-18,76.0,Call,10.76,10.5,10.95,unch,2,50,0.0,04/24/26,10.725,False
2026-06-18,76.0,Put,0.07,0.07,0.08,+0.07,2,815,0.1877,04/24/26,0.07500000000000001,True
2026-06-18,77.0,Call,9.7,9.5,9.95,-0.34,14,94,0.0,04/24/26,9.725,False
2026-06-18,77.0,Put,0.1,0.09,0.1,unch,0,13505,0.1822,04/22/26,0.095,True
2026-06-18,78.0,Call,8.69,8.5,9.0,unch,0,28,0.0,,8.75,False
2026-06-18,78.0,Put,0.11,0.11,0.12,unch,5,4646,0.17120000000000002,04/24/26,0.11499999999999999,True
2026-06-18,79.0,Call,8.15,7.5,8.0,unch,0,107,0.0,04/17/26,7.75,False
2026-06-18,79.0,Put,0.15,0.14,0.15,-0.01,77,11011,0.1655,04/24/26,0.14500000000000002,True
2026-06-18,80.0,Call,6.8,4.8,7.3,+0.14,11,472,0.0,04/24/26,6.05,False
2026-06-18,80.0,Put,0.19,0.18,0.19,-0.01,2298,25584,0.157,04/24/26,0.185,True
2026-06-18,81.0,Call,5.85,5.6,6.05,+5.85,60,893,0.0,04/24/26,5.824999999999999,False
2026-06-18,81.0,Put,0.23,0.23,0.25,unch,26,22118,0.1462,04/24/26,0.24,True
2026-06-18,82.0,Call,4.82,4.75,5.05,-0.10,8,1247,0.0,04/24/26,4.9,False
2026-06-18,82.0,Put,0.31,0.31,0.33,-0.03,2117,35388,0.1394,04/24/26,0.32,True
2026-06-18,83.0,Call,4.05,3.2,5.9,+0.06,6,734,0.08039999999999999,04/24/26,4.550000000000001,False
2026-06-18,83.0,Put,0.43,0.43,0.45,-0.05,2157,22057,0.1338,04/24/26,0.44,True
2026-06-18,84.0,Call,3.2,3.1,3.2,+0.01,18,8536,0.0872,04/24/26,3.1500000000000004,False
2026-06-18,84.0,Put,0.62,0.6,0.62,-0.04,3300,29553,0.1307,04/24/26,0.61,True
2026-06-18,85.0,Call,2.39,2.38,2.41,-0.01,447,6529,0.086,04/24/26,2.395,False
2026-06-18,85.0,Put,0.83,0.85,0.88,-0.10,297,46081,0.1267,04/24/26,0.865,True
2026-06-18,86.0,Call,1.77,1.72,1.75,+0.07,577,10004,0.0888,04/24/26,1.7349999999999999,False
2026-06-18,86.0,Put,1.19,1.2,1.23,-0.12,279,20145,0.12480000000000001,04/24/26,1.2149999999999999,True
2026-06-18,87.0,Call,1.2,1.18,1.21,unch,7570,40029,0.0904,04/24/26,1.1949999999999998,True
2026-06-18,87.0,Put,1.69,1.68,1.71,-0.05,147,29482,0.1253,04/24/26,1.6949999999999998,False
2026-06-18,88.0,Call,0.8,0.78,0.81,-0.01,2342,99738,0.0925,04/24/26,0.795,True
2026-06-18,88.0,Put,2.27,2.3,2.33,-0.12,28,28079,0.13,04/24/26,2.315,False
2026-06-18,89.0,Call,0.51,0.51,0.52,-0.02,493,22247,0.0941,04/24/26,0.515,True
2026-06-18,89.0,Put,3.01,2.86,3.15,-0.15,111,11952,0.1335,04/24/26,3.005,False
2026-06-18,90.0,Call,0.33,0.33,0.34,-0.03,3230,66194,0.09759999999999999,04/24/26,0.335,True
2026-06-18,90.0,Put,3.94,3.65,4.0,-0.06,108,34801,0.1521,04/24/26,3.825,False
2026-06-18,91.0,Call,0.22,0.22,0.23,-0.02,408,15786,0.1024,04/24/26,0.225,True
2026-06-18,91.0,Put,4.7,4.5,4.9,-0.35,7,2454,0.1508,04/24/26,4.7,False
2026-06-18,92.0,Call,0.17,0.15,0.17,-0.01,1288,21618,0.11109999999999999,04/24/26,0.16,True
2026-06-18,92.0,Put,5.62,5.45,5.95,+5.62,1,453,0.1616,04/24/26,5.7,False
2026-06-18,93.0,Call,0.11,0.12,0.13,-0.03,175,23323,0.1175,04/24/26,0.125,True
2026-06-18,93.0,Put,6.69,6.45,6.95,unch,0,596,0.1902,04/21/26,6.7,False
2026-06-18,94.0,Call,0.1,0.09,0.1,unch,43,17684,0.1255,04/24/26,0.095,True
2026-06-18,94.0,Put,7.54,7.4,7.9,unch,0,475,0.2023,04/21/26,7.65,False
2026-06-18,95.0,Call,0.08,0.08,0.09,-0.01,128,31467,0.1328,04/24/26,0.08499999999999999,True
2026-06-18,95.0,Put,8.22,8.4,8.9,unch,0,490,0.21989999999999998,04/22/26,8.65,False
2026-06-18,96.0,Call,0.07,0.07,0.08,-0.01,30,24597,0.1418,04/24/26,0.07500000000000001,True
2026-06-18,96.0,Put,9.85,9.4,9.9,unch,0,830,0.2369,04/13/26,9.65,False
2026-06-18,97.0,Call,0.06,0.06,0.07,unch,16,39212,0.14980000000000002,04/24/26,0.065,True
2026-06-18,97.0,Put,10.42,10.35,10.9,unch,0,475,0.24969999999999998,,10.625,False
2026-06-18,98.0,Call,0.06,0.05,0.06,unch,0,12192,0.159,04/22/26,0.055,True
2026-06-18,98.0,Put,11.65,11.35,11.85,unch,72,1586,0.2695,04/24/26,11.6,False
2026-06-18,99.0,Call,0.05,0.04,0.05,unch,1,611,0.16760000000000003,04/24/26,0.045,True
2026-06-18,99.0,Put,10.53,12.35,12.85,unch,0,528,0.2772,,12.6,False
2026-06-18,100.0,Call,0.04,0.04,0.05,-0.01,39,33735,0.1725,04/24/26,0.045,True
2026-06-18,100.0,Put,13.15,13.35,13.85,unch,0,478,0.2923,04/17/26,13.6,False
2026-06-18,101.0,Call,0.04,0.03,0.04,+0.04,125,1362,0.18289999999999998,04/24/26,0.035,True
2026-06-18,101.0,Put,14.92,14.35,14.85,unch,0,47,0.307,,14.6,False
2026-06-18,102.0,Call,0.04,0.03,0.04,unch,0,1099,0.1894,04/23/26,0.035,True
2026-06-18,102.0,Put,15.4,15.3,15.85,unch,0,18,0.3169,,15.575,False
2026-06-18,103.0,Call,0.03,0.02,0.04,unch,0,1542,0.19510000000000002,04/16/26,0.03,True
2026-06-18,103.0,Put,12.75,16.3,16.85,unch,0,1,0.331,,16.575000000000003,False
2026-06-18,104.0,Call,0.03,0.02,0.03,unch,0,1707,0.1999,04/23/26,0.025,True
2026-06-18,104.0,Put,14.95,17.3,17.85,unch,0,0,0.3447,,17.575000000000003,False
2026-06-18,105.0,Call,0.02,0.02,0.03,unch,0,47600,0.2091,04/23/26,0.025,True
2026-06-18,105.0,Put,18.08,18.3,18.8,unch,0,4,0.3532,04/22/26,18.55,False
2026-06-18,106.0,Call,0.02,0.02,0.03,unch,0,14865,0.2181,04/13/26,0.025,True
2026-06-18,106.0,Put,18.7,19.3,19.8,unch,0,0,0.3664,,19.55,False
2026-07-17,55.0,Call,0.0,29.45,34.0,unch,0,0,0.0,,31.725,False
2026-07-17,55.0,Put,0.01,0.0,0.02,unch,0,14603,0.3497,04/16/26,0.01,True
2026-07-17,60.0,Call,0.0,24.45,29.0,unch,0,0,0.0,,26.725,False
2026-07-17,60.0,Put,0.02,0.01,0.02,unch,0,8114,0.3007,04/17/26,0.015,True
2026-07-17,65.0,Call,24.7,21.45,21.95,unch,0,2,0.0,,21.7,False
2026-07-17,65.0,Put,0.04,0.02,0.04,unch,0,2794,0.2621,04/21/26,0.03,True
2026-07-17,70.0,Call,16.32,16.45,16.95,unch,0,5,0.0,04/16/26,16.7,False
2026-07-17,70.0,Put,0.06,0.05,0.06,-0.01,70,5202,0.2231,04/24/26,0.055,True
2026-07-17,73.0,Call,14.77,13.5,13.95,unch,0,0,0.0,,13.725,False
2026-07-17,73.0,Put,0.1,0.09,0.1,+0.01,10,806,0.2023,04/24/26,0.095,True
2026-07-17,74.0,Call,15.75,12.5,12.95,unch,0,0,0.0,,12.725,False
2026-07-17,74.0,Put,0.12,0.1,0.12,unch,0,687,0.1925,04/16/26,0.11,True
2026-07-17,75.0,Call,12.1,11.5,12.0,unch,0,279,0.0,04/23/26,11.75,False
2026-07-17,75.0,Put,0.13,0.12,0.14,-0.01,1511,40889,0.185,04/24/26,0.13,True
2026-07-17,76.0,Call,10.9,10.5,11.0,unch,0,205,0.0,04/21/26,10.75,False
2026-07-17,76.0,Put,0.16,0.15,0.16,unch,0,544,0.1778,04/17/26,0.155,True
2026-07-17,77.0,Call,9.85,9.5,10.0,unch,0,39,0.0,04/13/26,9.75,False
2026-07-17,77.0,Put,0.19,0.18,0.19,unch,0,1035,0.1704,04/23/26,0.185,True
2026-07-17,78.0,Call,9.15,8.55,9.05,unch,0,429,0.0,04/20/26,8.8,False
2026-07-17,78.0,Put,0.22,0.21,0.23,unch,0,5237,0.16269999999999998,04/23/26,0.22,True
2026-07-17,79.0,Call,8.0,7.55,8.1,unch,0,53,0.0,04/21/26,7.824999999999999,False
2026-07-17,79.0,Put,0.26,0.26,0.28,+0.01,75,1969,0.1545,04/24/26,0.27,True
2026-07-17,80.0,Call,6.93,6.65,6.95,+0.34,4,1115,0.0,04/24/26,6.800000000000001,False
2026-07-17,80.0,Put,0.32,0.33,0.34,-0.03,72,12655,0.1496,04/24/26,0.335,True
2026-07-17,81.0,Call,6.35,5.7,6.25,unch,0,51,0.0,04/17/26,5.975,False
2026-07-17,81.0,Put,0.42,0.42,0.43,-0.07,22,5041,0.1435,04/24/26,0.425,True
2026-07-17,82.0,Call,5.17,4.8,5.35,+5.17,16,48,0.0762,04/24/26,5.074999999999999,False
2026-07-17,82.0,Put,0.55,0.54,0.56,-0.10,29,4732,0.1394,04/24/26,0.55,True
2026-07-17,83.0,Call,4.57,4.0,4.55,unch,0,800,0.08039999999999999,04/17/26,4.275,False
2026-07-17,83.0,Put,0.73,0.71,0.73,-0.03,12,4822,0.1365,04/24/26,0.72,True
2026-07-17,84.0,Call,3.48,3.4,3.5,unch,0,889,0.0834,04/23/26,3.45,False
2026-07-17,84.0,Put,0.96,0.93,0.96,-0.05,1066,4677,0.13369999999999999,04/24/26,0.9450000000000001,True
2026-07-17,85.0,Call,2.72,2.71,2.74,-0.17,14,1123,0.0863,04/24/26,2.725,False
2026-07-17,85.0,Put,1.27,1.23,1.25,-0.07,58,14933,0.1305,04/24/26,1.24,True
2026-07-17,86.0,Call,2.02,2.07,2.1,unch,6,1628,0.0882,04/24/26,2.085,False
2026-07-17,86.0,Put,1.63,1.6,1.63,-0.05,10,12507,0.1301,04/24/26,1.615,True
2026-07-17,87.0,Call,1.58,1.54,1.57,+0.03,173,16096,0.08990000000000001,04/24/26,1.5550000000000002,True
2026-07-17,87.0,Put,2.09,2.08,2.11,-0.07,6,3743,0.1294,04/24/26,2.0949999999999998,False
2026-07-17,88.0,Call,1.14,1.11,1.14,+0.08,82,5624,0.0922,04/24/26,1.125,True
2026-07-17,88.0,Put,2.69,2.67,2.7,-0.26,31,5049,0.13269999999999998,04/24/26,2.685,False
2026-07-17,89.0,Call,0.83,0.79,0.81,+0.02,3,5331,0.0931,04/24/26,0.8,True
2026-07-17,89.0,Put,3.4,3.35,3.4,-0.05,26,643,0.13849999999999998,04/24/26,3.375,False
2026-07-17,90.0,Call,0.58,0.56,0.58,unch,506,23772,0.0966,04/24/26,0.5700000000000001,True
2026-07-17,90.0,Put,4.19,1.87,4.4,+0.21,36,3376,0.146,04/24/26,3.1350000000000002,False
2026-07-17,91.0,Call,0.4,0.39,0.41,-0.03,1,5609,0.0983,04/24/26,0.4,True
2026-07-17,91.0,Put,5.0,4.7,5.25,+0.05,28,131,0.1519,04/24/26,4.975,False
2026-07-17,92.0,Call,0.28,0.29,0.3,-0.04,30,19624,0.1026,04/24/26,0.295,True
2026-07-17,92.0,Put,5.57,3.75,7.9,unch,0,4210,0.1557,04/21/26,5.825,False
2026-07-17,93.0,Call,0.24,0.22,0.23,unch,0,7888,0.10769999999999999,04/23/26,0.225,True
2026-07-17,93.0,Put,6.89,6.55,7.05,+6.89,5,280,0.1779,04/24/26,6.8,False
2026-07-17,94.0,Call,0.19,0.17,0.19,-0.01,165,11080,0.1151,04/24/26,0.18,True
2026-07-17,94.0,Put,7.75,7.45,8.05,unch,0,1473,0.1813,04/13/26,7.75,False
2026-07-17,95.0,Call,0.15,0.15,0.16,-0.01,10,7495,0.1202,04/24/26,0.155,True
2026-07-17,95.0,Put,8.7,6.6,10.65,unch,0,408,0.18350000000000002,04/23/26,8.625,False
2026-07-17,96.0,Call,0.14,0.13,0.14,unch,3,1051,0.1293,04/24/26,0.135,True
2026-07-17,96.0,Put,9.43,9.4,9.95,unch,0,313,0.20309999999999997,04/20/26,9.675,False
2026-07-17,97.0,Call,0.11,0.11,0.12,unch,0,11886,0.1344,04/23/26,0.11499999999999999,True
2026-07-17,97.0,Put,10.53,10.4,10.95,unch,0,166,0.217,04/22/26,10.675,False
2026-07-17,100.0,Call,0.09,0.08,0.09,+0.01,19,16981,0.15689999999999998,04/24/26,0.08499999999999999,True
2026-07-17,100.0,Put,13.64,11.6,15.65,+13.64,101,10753,0.2521,04/24/26,13.625,False
2026-07-17,105.0,Call,0.05,0.05,0.06,unch,11,15892,0.1837,04/24/26,0.055,True
2026-07-17,105.0,Put,17.8,18.3,18.85,unch,0,15,0.3023,,18.575000000000003,False
2026-07-17,110.0,Call,0.04,0.03,0.04,+0.04,3,2379,0.2152,04/24/26,0.035,True
2026-07-17,110.0,Put,0.0,23.3,23.8,unch,0,0,0.3519,,23.55,False
2026-07-17,115.0,Call,0.03,0.02,0.03,unch,0,466,0.2359,04/22/26,0.025,True
2026-07-17,115.0,Put,0.0,28.3,28.8,unch,0,0,0.4014,,28.55,False
2026-07-17,120.0,Call,0.02,0.01,0.02,unch,0,1000,0.2526,04/23/26,0.015,True
2026-07-17,120.0,Put,0.0,31.45,35.6,unch,0,0,0.4426,,33.525,False
2026-07-17,125.0,Call,0.02,0.0,0.02,unch,0,448,0.2696,04/23/26,0.01,True
2026-07-17,125.0,Put,0.0,38.3,38.75,unch,0,0,0.4861,,38.525,False
2026-07-17,130.0,Call,0.01,0.0,0.01,unch,100,2280,0.2955,04/24/26,0.005,True
2026-07-17,130.0,Put,0.0,43.3,43.75,unch,0,0,0.5272,,43.525,False
2026-07-17,135.0,Call,0.01,0.0,0.01,unch,0,485,0.3011,04/20/26,0.005,True
2026-07-17,135.0,Put,0.0,48.25,48.75,unch,0,0,0.5603,,48.5,False
2026-08-21,55.0,Call,32.01,29.65,33.8,unch,0,10,0.0,04/20/26,31.724999999999998,False
2026-08-21,55.0,Put,0.01,0.01,0.02,unch,0,9831,0.3069,04/22/26,0.015,True
2026-08-21,60.0,Call,30.0,26.45,26.95,unch,0,0,0.0,,26.7,False
2026-08-21,60.0,Put,0.03,0.02,0.03,unch,0,1430,0.2685,,0.025,True
2026-08-21,65.0,Call,22.4,21.45,21.95,unch,0,0,0.0,,21.7,False
2026-08-21,65.0,Put,0.05,0.04,0.05,unch,0,278,0.23329999999999998,04/21/26,0.045,True
2026-08-21,70.0,Call,17.76,16.45,16.95,unch,0,4,0.0,,16.7,False
2026-08-21,70.0,Put,0.09,0.08,0.1,-0.02,3,2096,0.20120000000000002,04/24/26,0.09,True
2026-08-21,75.0,Call,11.75,11.5,12.0,unch,0,213,0.0,04/21/26,11.75,False
2026-08-21,75.0,Put,0.21,0.19,0.21,unch,0,2134,0.17149999999999999,04/23/26,0.2,True
2026-08-21,76.0,Call,11.0,10.5,11.05,unch,0,64,0.0,04/23/26,10.775,False
2026-08-21,76.0,Put,0.24,0.23,0.25,unch,10,310,0.1661,04/24/26,0.24,True
2026-08-21,77.0,Call,10.25,7.6,12.0,unch,0,43,0.0,04/14/26,9.8,False
2026-08-21,77.0,Put,0.29,0.28,0.29,unch,1,1681,0.161,04/24/26,0.28500000000000003,True
2026-08-21,78.0,Call,9.13,8.6,9.15,unch,0,89,0.0,04/16/26,8.875,False
2026-08-21,78.0,Put,0.35,0.34,0.35,unch,0,1564,0.1552,04/20/26,0.345,True
2026-08-21,79.0,Call,7.75,5.95,10.05,unch,0,269,0.0,04/16/26,8.0,False
2026-08-21,79.0,Put,0.42,0.41,0.43,-0.02,1027,1567,0.1503,04/24/26,0.42,True
2026-08-21,80.0,Call,7.45,6.75,7.35,unch,0,910,0.0,04/17/26,7.05,False
2026-08-21,80.0,Put,0.5,0.51,0.53,-0.04,123,2508,0.1461,04/24/26,0.52,True
2026-08-21,81.0,Call,5.97,5.85,6.5,+0.07,10,192,0.0,04/24/26,6.175,False
2026-08-21,81.0,Put,0.64,0.64,0.66,+0.03,100,2256,0.1417,04/24/26,0.65,True
2026-08-21,82.0,Call,5.36,5.15,5.65,+0.12,5,80,0.0693,04/24/26,5.4,False
2026-08-21,82.0,Put,0.81,0.8,0.83,-0.05,103,2369,0.139,04/24/26,0.815,True
2026-08-21,83.0,Call,4.73,4.45,4.55,unch,0,120,0.07519999999999999,04/20/26,4.5,False
2026-08-21,83.0,Put,0.99,1.02,1.04,-0.07,118,9933,0.1371,04/24/26,1.03,True
2026-08-21,84.0,Call,3.8,3.75,3.8,+0.15,200,444,0.08560000000000001,04/24/26,3.775,False
2026-08-21,84.0,Put,1.3,1.28,1.31,-0.14,11,3704,0.1355,04/24/26,1.295,True
2026-08-21,85.0,Call,3.04,3.05,3.1,-0.01,2,916,0.0862,04/24/26,3.075,False
2026-08-21,85.0,Put,1.68,1.6,1.63,-0.17,14,4656,0.1334,04/24/26,1.615,True
2026-08-21,86.0,Call,2.42,2.45,2.49,-0.01,92,1801,0.08869999999999999,04/24/26,2.47,False
2026-08-21,86.0,Put,1.99,2.0,2.03,unch,0,3100,0.1329,04/22/26,2.0149999999999997,True
2026-08-21,87.0,Call,1.97,1.93,1.96,-0.16,23,2117,0.09050000000000001,04/24/26,1.9449999999999998,True
2026-08-21,87.0,Put,2.5,2.48,2.51,-0.04,1071,839,0.1336,04/24/26,2.495,False
2026-08-21,88.0,Call,1.47,1.49,1.52,+0.05,27,2431,0.09210000000000002,04/24/26,1.505,True
2026-08-21,88.0,Put,3.32,3.0,3.1,unch,0,1655,0.1344,04/23/26,3.05,False
2026-08-21,89.0,Call,1.15,1.14,1.16,+1.15,104,8817,0.09380000000000001,04/24/26,1.15,True
2026-08-21,89.0,Put,3.38,3.65,3.75,unch,0,1644,0.13720000000000002,04/17/26,3.7,False
2026-08-21,90.0,Call,0.88,0.86,0.88,-0.01,32,16996,0.0962,04/24/26,0.87,True
2026-08-21,90.0,Put,4.47,2.38,4.8,unch,2,557,0.1437,04/24/26,3.59,False
2026-08-21,91.0,Call,0.66,0.65,0.67,-0.04,112,1777,0.098,04/24/26,0.66,True
2026-08-21,91.0,Put,5.1,4.9,5.55,unch,0,1686,0.147,04/23/26,5.225,False
2026-08-21,92.0,Call,0.51,0.5,0.52,-0.01,2,13757,0.1012,04/24/26,0.51,True
2026-08-21,92.0,Put,5.85,5.75,6.35,unch,0,90,0.1521,04/22/26,6.05,False
2026-08-21,93.0,Call,0.39,0.39,0.41,unch,32,3037,0.10400000000000001,04/24/26,0.4,True
2026-08-21,93.0,Put,6.67,6.6,7.1,unch,0,211,0.1534,04/23/26,6.85,False
2026-08-21,94.0,Call,0.32,0.31,0.33,unch,0,16192,0.10890000000000001,04/23/26,0.32,True
2026-08-21,94.0,Put,7.57,5.65,9.9,unch,0,244,0.1616,04/23/26,7.775,False
2026-08-21,95.0,Call,0.26,0.26,0.27,-0.01,10,2141,0.1131,04/24/26,0.265,True
2026-08-21,95.0,Put,8.42,6.7,11.05,unch,0,203,0.18239999999999998,04/17/26,8.875,False
2026-08-21,96.0,Call,0.22,0.22,0.23,+0.22,4,2026,0.1182,04/24/26,0.225,True
2026-08-21,96.0,Put,9.34,9.45,10.05,unch,0,146,0.18530000000000002,04/17/26,9.75,False
2026-08-21,97.0,Call,0.2,0.19,0.2,unch,0,1576,0.1242,04/22/26,0.195,True
2026-08-21,97.0,Put,10.63,10.4,11.05,unch,0,17,0.1953,,10.725000000000001,False
2026-08-21,98.0,Call,0.18,0.17,0.18,unch,0,6898,0.13019999999999998,04/17/26,0.175,True
2026-08-21,98.0,Put,11.96,11.4,12.0,unch,0,21,0.2048,04/16/26,11.7,False
2026-08-21,99.0,Call,0.17,0.15,0.16,unch,0,238,0.1355,04/23/26,0.155,True
2026-08-21,99.0,Put,12.52,10.45,14.95,unch,0,26,0.2163,,12.7,False
2026-08-21,100.0,Call,0.14,0.14,0.15,-0.02,33,4838,0.1411,04/24/26,0.14500000000000002,True
2026-08-21,100.0,Put,13.18,13.35,13.95,unch,0,222,0.2225,04/22/26,13.649999999999999,False
2026-08-21,105.0,Call,0.09,0.09,0.1,+0.09,1,8170,0.16699999999999998,04/24/26,0.095,True
2026-08-21,105.0,Put,15.87,18.3,18.9,unch,0,4,0.2687,,18.6,False
2026-08-21,110.0,Call,0.07,0.06,0.07,-0.01,11,33800,0.1936,04/24/26,0.065,True
2026-08-21,110.0,Put,22.71,23.3,23.8,unch,0,0,0.30879999999999996,,23.55,False
2026-08-21,115.0,Call,0.06,0.04,0.06,unch,0,2205,0.2143,04/21/26,0.05,True
2026-08-21,115.0,Put,28.7,28.3,28.8,unch,0,10,0.3519,,28.55,False
2026-08-21,120.0,Call,0.03,0.03,0.04,unch,0,52399,0.2316,04/23/26,0.035,True
2026-08-21,120.0,Put,0.0,31.45,35.6,unch,0,0,0.3882,,33.525,False
2026-08-21,125.0,Call,0.02,0.02,0.03,unch,0,1138,0.2473,04/13/26,0.025,True
2026-08-21,125.0,Put,0.0,36.25,40.85,unch,0,0,0.4304,,38.55,False
2026-08-21,130.0,Call,0.03,0.01,0.03,unch,0,3850,0.2643,04/17/26,0.02,True
2026-08-21,130.0,Put,0.0,43.3,43.75,unch,0,0,0.462,,43.525,False
2026-09-18,55.0,Call,0.0,31.45,31.95,unch,0,0,0.0,,31.7,False
2026-09-18,55.0,Put,0.04,0.01,0.03,unch,0,8725,0.28559999999999997,,0.02,True
2026-09-18,60.0,Call,27.4,26.45,26.95,unch,0,2,0.0,,26.7,False
2026-09-18,60.0,Put,0.03,0.03,0.04,unch,0,790,0.2525,04/21/26,0.035,True
2026-09-18,65.0,Call,23.6,21.45,21.95,unch,0,0,0.0,,21.7,False
2026-09-18,65.0,Put,0.07,0.06,0.07,unch,0,2174,0.222,04/22/26,0.065,True
2026-09-18,70.0,Call,16.66,16.45,16.95,+16.66,2,52,0.0,04/24/26,16.7,False
2026-09-18,70.0,Put,0.12,0.12,0.13,+0.12,250,3342,0.1911,04/24/26,0.125,True
2026-09-18,73.0,Call,13.59,13.5,14.0,unch,0,7,0.0,04/13/26,13.75,False
2026-09-18,73.0,Put,0.19,0.18,0.2,unch,0,2277,0.1753,04/21/26,0.19,True
2026-09-18,74.0,Call,13.3,12.5,13.0,unch,0,10,0.0,04/14/26,12.75,False
2026-09-18,74.0,Put,0.24,0.21,0.23,unch,0,541,0.1697,04/21/26,0.22,True
2026-09-18,75.0,Call,11.8,11.5,12.05,unch,0,136,0.0,04/21/26,11.775,False
2026-09-18,75.0,Put,0.27,0.25,0.27,unch,2290,5163,0.1663,04/24/26,0.26,True
2026-09-18,76.0,Call,10.62,8.8,12.95,+10.62,12,74,0.0,04/24/26,10.875,False
2026-09-18,76.0,Put,0.29,0.3,0.32,unch,0,2615,0.1603,04/20/26,0.31,True
2026-09-18,77.0,Call,10.34,7.85,12.0,unch,0,11,0.0,04/17/26,9.925,False
2026-09-18,77.0,Put,0.35,0.36,0.38,unch,0,8509,0.1557,04/16/26,0.37,True
2026-09-18,78.0,Call,8.66,7.05,10.8,unch,0,1049,0.0,04/16/26,8.925,False
2026-09-18,78.0,Put,0.44,0.44,0.46,+0.02,20,7967,0.1509,04/24/26,0.45,True
2026-09-18,79.0,Call,8.56,7.7,8.35,unch,0,454,0.0,04/14/26,8.025,False
2026-09-18,79.0,Put,0.58,0.53,0.55,unch,0,3582,0.1476,04/21/26,0.54,True
2026-09-18,80.0,Call,7.05,6.8,7.5,+7.05,2,1291,0.0,04/24/26,7.15,False
2026-09-18,80.0,Put,0.66,0.66,0.68,-0.04,258,8838,0.1442,04/24/26,0.67,True
2026-09-18,81.0,Call,6.05,4.25,8.15,unch,0,97,0.0,04/23/26,6.2,False
2026-09-18,81.0,Put,0.84,0.81,0.83,+0.84,1,2053,0.1419,04/24/26,0.8200000000000001,True
2026-09-18,82.0,Call,5.85,5.4,5.5,unch,0,266,0.053899999999999997,04/17/26,5.45,False
2026-09-18,82.0,Put,1.06,1.0,1.03,+0.02,101,10057,0.1398,04/24/26,1.0150000000000001,True
2026-09-18,83.0,Call,4.86,4.65,4.7,unch,0,150,0.0728,,4.675000000000001,False
2026-09-18,83.0,Put,1.26,1.24,1.27,-0.14,738,10046,0.1384,04/24/26,1.255,True
2026-09-18,84.0,Call,3.77,3.9,4.0,+3.77,10,2120,0.0796,04/24/26,3.95,False
2026-09-18,84.0,Put,1.57,1.52,1.55,+0.09,22,4814,0.1363,04/24/26,1.5350000000000001,True
2026-09-18,85.0,Call,3.28,3.25,3.35,-0.02,48,642,0.0833,04/24/26,3.3,False
2026-09-18,85.0,Put,1.92,1.86,1.9,+0.10,97,19200,0.1353,04/24/26,1.88,True
2026-09-18,86.0,Call,2.7,2.68,2.72,-0.02,330,11878,0.0867,04/24/26,2.7,False
2026-09-18,86.0,Put,2.3,2.28,2.31,+2.30,1306,14465,0.1355,04/24/26,2.295,True
2026-09-18,87.0,Call,2.17,2.16,2.2,+0.02,1102,23461,0.0883,04/24/26,2.18,True
2026-09-18,87.0,Put,2.75,2.76,2.8,-0.09,1249,22817,0.1358,04/24/26,2.78,False
2026-09-18,88.0,Call,1.75,1.72,1.75,-0.02,1058,15161,0.0911,04/24/26,1.7349999999999999,True
2026-09-18,88.0,Put,3.22,3.3,3.4,unch,0,11701,0.1378,04/22/26,3.3499999999999996,False
2026-09-18,89.0,Call,1.4,1.36,1.39,+0.09,40,9747,0.0925,04/24/26,1.375,True
2026-09-18,89.0,Put,3.91,3.95,4.0,+3.91,10,6687,0.13970000000000002,04/24/26,3.975,False
2026-09-18,90.0,Call,1.06,1.06,1.09,-0.03,203,15570,0.0935,04/24/26,1.0750000000000002,True
2026-09-18,90.0,Put,4.64,4.65,4.7,+4.64,2,5994,0.14300000000000002,04/24/26,4.675000000000001,False
2026-09-18,91.0,Call,0.87,0.83,0.86,+0.02,15,14114,0.0966,04/24/26,0.845,True
2026-09-18,91.0,Put,6.1,5.05,5.8,unch,0,188,0.1466,,5.425,False
2026-09-18,92.0,Call,0.66,0.65,0.67,-0.02,154,9064,0.09880000000000001,04/24/26,0.66,True
2026-09-18,92.0,Put,5.8,5.85,6.6,unch,0,4590,0.1507,,6.225,False
2026-09-18,93.0,Call,0.54,0.52,0.54,unch,0,21029,0.102,04/23/26,0.53,True
2026-09-18,93.0,Put,7.1,6.7,7.45,unch,0,1173,0.1561,,7.075,False
2026-09-18,94.0,Call,0.46,0.42,0.44,unch,0,2141,0.10550000000000001,04/23/26,0.43,True
2026-09-18,94.0,Put,8.0,5.55,10.45,unch,0,1908,0.1648,,8.0,False
2026-09-18,95.0,Call,0.36,0.35,0.36,+0.01,5,75622,0.1097,04/24/26,0.355,True
2026-09-18,95.0,Put,9.07,8.55,9.3,unch,0,2069,0.1725,04/13/26,8.925,False
2026-09-18,96.0,Call,0.31,0.3,0.31,unch,16,21413,0.11449999999999999,04/24/26,0.305,True
2026-09-18,96.0,Put,9.47,7.5,12.25,unch,0,1034,0.18100000000000002,04/21/26,9.875,False
2026-09-18,97.0,Call,0.27,0.25,0.27,unch,0,20439,0.11810000000000001,04/23/26,0.26,True
2026-09-18,97.0,Put,10.45,8.7,12.85,unch,0,173,0.185,04/21/26,10.774999999999999,False
2026-09-18,98.0,Call,0.24,0.22,0.24,unch,0,4133,0.1231,04/23/26,0.22999999999999998,True
2026-09-18,98.0,Put,11.95,9.7,13.8,unch,0,49,0.19399999999999998,,11.75,False
2026-09-18,99.0,Call,0.23,0.2,0.22,unch,0,242,0.12869999999999998,04/21/26,0.21000000000000002,True
2026-09-18,99.0,Put,12.56,12.4,13.05,unch,0,22,0.2027,,12.725000000000001,False
2026-09-18,100.0,Call,0.19,0.18,0.2,-0.01,1204,18985,0.13369999999999999,04/24/26,0.19,True
2026-09-18,100.0,Put,13.65,13.35,14.05,unch,0,71,0.2109,04/13/26,13.7,False
2026-09-18,101.0,Call,0.2,0.17,0.19,unch,0,231,0.1398,04/17/26,0.18,True
2026-09-18,101.0,Put,14.65,14.35,15.0,unch,0,1,0.2187,,14.675,False
2026-09-18,102.0,Call,0.16,0.16,0.17,unch,0,4106,0.1446,04/16/26,0.165,True
2026-09-18,102.0,Put,15.98,15.35,15.95,unch,0,70,0.2262,,15.649999999999999,False
2026-09-18,103.0,Call,0.14,0.15,0.16,unch,0,6660,0.15,,0.155,True
2026-09-18,103.0,Put,16.03,16.35,16.95,unch,0,0,0.23579999999999998,,16.65,False
2026-09-18,105.0,Call,0.13,0.13,0.14,unch,0,20769,0.1598,04/23/26,0.135,True
2026-09-18,105.0,Put,16.55,18.3,18.9,unch,0,15,0.2491,,18.6,False
2026-09-18,110.0,Call,0.1,0.09,0.11,unch,0,11612,0.1827,04/20/26,0.1,True
2026-09-18,110.0,Put,20.78,23.3,23.85,unch,0,0,0.2894,,23.575000000000003,False
2026-09-18,115.0,Call,0.08,0.07,0.08,unch,0,2342,0.2027,04/23/26,0.07500000000000001,True
2026-09-18,115.0,Put,29.33,28.3,28.8,unch,0,0,0.3261,,28.55,False
2026-10-16,55.0,Call,30.65,31.45,31.95,unch,0,0,0.0,,31.7,False
2026-10-16,55.0,Put,0.03,0.02,0.03,+0.03,4,3057,0.2748,04/24/26,0.025,True
2026-10-16,60.0,Call,25.81,26.45,26.95,unch,0,1,0.0,,26.7,False
2026-10-16,60.0,Put,0.04,0.03,0.05,unch,0,10931,0.2361,04/21/26,0.04,True
2026-10-16,65.0,Call,22.85,19.9,23.8,unch,0,0,0.0,,21.85,False
2026-10-16,65.0,Put,0.08,0.07,0.08,unch,0,1036,0.2087,04/23/26,0.07500000000000001,True
2026-10-16,70.0,Call,16.85,16.5,16.95,unch,0,2,0.0,,16.725,False
2026-10-16,70.0,Put,0.16,0.14,0.16,unch,0,10251,0.1834,04/23/26,0.15000000000000002,True
2026-10-16,75.0,Call,12.05,10.5,14.3,unch,0,45,0.0,04/15/26,12.4,False
2026-10-16,75.0,Put,0.37,0.33,0.34,+0.05,5,916,0.1618,04/24/26,0.335,True
2026-10-16,79.0,Call,8.5,7.75,8.5,unch,0,528,0.0,,8.125,False
2026-10-16,79.0,Put,0.72,0.67,0.69,unch,0,1192,0.1474,04/23/26,0.6799999999999999,True
2026-10-16,80.0,Call,7.2,6.85,7.65,+7.20,6,694,0.0,04/24/26,7.25,False
2026-10-16,80.0,Put,0.86,0.81,0.84,unch,0,751,0.1449,04/23/26,0.825,True
2026-10-16,81.0,Call,6.47,6.05,6.8,-0.01,55,770,0.0,04/24/26,6.425,False
2026-10-16,81.0,Put,0.95,0.99,1.01,unch,0,667,0.1427,04/23/26,1.0,True
2026-10-16,82.0,Call,5.79,5.55,5.65,unch,0,156,0.054299999999999994,04/13/26,5.6,False
2026-10-16,82.0,Put,1.35,1.2,1.23,+0.19,1,2502,0.1409,04/24/26,1.2149999999999999,True
2026-10-16,83.0,Call,5.25,4.8,4.9,unch,0,301,0.07139999999999999,,4.85,False
2026-10-16,83.0,Put,1.5,1.46,1.49,-0.06,3,5062,0.1396,04/24/26,1.475,True
2026-10-16,84.0,Call,4.9,4.1,4.2,unch,0,397,0.0784,,4.15,False
2026-10-16,84.0,Put,1.76,1.76,1.79,-0.04,2,3685,0.1375,04/24/26,1.775,True
2026-10-16,85.0,Call,3.68,3.45,3.55,unch,0,351,0.0823,04/21/26,3.5,False
2026-10-16,85.0,Put,2.33,2.12,2.16,-0.05,2,5198,0.1378,04/24/26,2.14,True
2026-10-16,86.0,Call,2.97,2.9,2.94,+0.07,147,478,0.08529999999999999,04/24/26,2.92,False
2026-10-16,86.0,Put,2.55,2.55,2.58,+2.55,5,13104,0.1373,04/24/26,2.565,True
2026-10-16,87.0,Call,2.34,2.39,2.43,-0.09,4,1109,0.08779999999999999,04/24/26,2.41,True
2026-10-16,87.0,Put,3.04,3.0,3.1,-0.11,10,5701,0.138,04/24/26,3.05,False
2026-10-16,88.0,Call,1.91,1.95,1.98,-0.19,6,6736,0.0897,04/24/26,1.9649999999999999,True
2026-10-16,88.0,Put,3.5,3.55,3.65,unch,0,15508,0.13949999999999999,04/23/26,3.5999999999999996,False
2026-10-16,89.0,Call,1.54,1.57,1.6,-0.15,39,1223,0.09140000000000001,04/24/26,1.585,True
2026-10-16,89.0,Put,4.37,4.2,4.25,+4.37,1,3399,0.1418,04/24/26,4.225,False
2026-10-16,90.0,Call,1.29,1.26,1.29,+0.03,205,28860,0.094,04/24/26,1.275,True
2026-10-16,90.0,Put,4.62,4.85,4.95,unch,0,1043,0.1442,04/21/26,4.9,False
2026-10-16,91.0,Call,1.03,1.01,1.03,+0.05,9,2636,0.09570000000000001,04/24/26,1.02,True
2026-10-16,91.0,Put,5.6,3.4,7.85,+0.14,1,541,0.1459,04/24/26,5.625,False
2026-10-16,92.0,Call,0.8,0.81,0.83,-0.03,2,6399,0.0974,04/24/26,0.8200000000000001,True
2026-10-16,92.0,Put,6.4,5.95,6.85,unch,0,549,0.15039999999999998,04/22/26,6.4,False
2026-10-16,93.0,Call,0.68,0.65,0.67,+0.68,1,4923,0.0998,04/24/26,0.66,True
2026-10-16,93.0,Put,7.5,6.8,7.65,unch,0,90,0.1548,04/13/26,7.225,False
2026-10-16,94.0,Call,0.56,0.53,0.55,+0.02,1,1849,0.1027,04/24/26,0.54,True
2026-10-16,94.0,Put,7.1,7.65,8.55,unch,0,20,0.1607,,8.100000000000001,False
2026-10-16,95.0,Call,0.44,0.44,0.46,-0.01,1,19007,0.1052,04/24/26,0.45,True
2026-10-16,95.0,Put,9.5,6.7,11.4,unch,0,144,0.1697,,9.05,False
2026-10-16,96.0,Call,0.42,0.37,0.39,unch,0,2755,0.10949999999999999,04/20/26,0.38,True
2026-10-16,96.0,Put,9.58,9.5,10.35,unch,0,77,0.1734,04/20/26,9.925,False
2026-10-16,97.0,Call,0.33,0.32,0.34,+0.33,102,3193,0.1137,04/24/26,0.33,True
2026-10-16,97.0,Put,0.0,8.7,13.4,unch,0,19,0.19210000000000002,,11.05,False
2026-10-16,98.0,Call,0.31,0.28,0.3,unch,0,2497,0.11789999999999999,04/22/26,0.29000000000000004,True
2026-10-16,98.0,Put,12.05,9.6,14.35,unch,0,21,0.1981,04/13/26,11.975,False
2026-10-16,99.0,Call,0.32,0.25,0.27,unch,0,1948,0.1225,,0.26,True
2026-10-16,99.0,Put,0.0,10.7,14.85,unch,0,4,0.1946,,12.774999999999999,False
2026-10-16,100.0,Call,0.25,0.23,0.25,unch,0,6343,0.1276,04/23/26,0.24,True
2026-10-16,100.0,Put,13.65,11.5,16.0,unch,0,27,0.2025,04/21/26,13.75,False
2026-10-16,101.0,Call,0.22,0.21,0.23,unch,0,706,0.1323,04/21/26,0.22,True
2026-10-16,101.0,Put,0.0,14.35,15.05,unch,0,14,0.20809999999999998,,14.7,False
2026-10-16,102.0,Call,0.21,0.19,0.21,unch,0,625,0.1366,04/21/26,0.2,True
2026-10-16,102.0,Put,14.26,13.45,17.95,unch,0,3,0.2173,,15.7,False
2026-10-16,103.0,Call,0.2,0.18,0.2,unch,0,198,0.1419,04/17/26,0.19,True
2026-10-16,103.0,Put,13.7,16.3,17.0,unch,0,77,0.222,,16.65,False
2026-10-16,105.0,Call,0.19,0.16,0.18,unch,0,3761,0.1517,04/17/26,0.16999999999999998,True
2026-10-16,105.0,Put,18.85,18.3,18.95,unch,0,16,0.237,04/13/26,18.625,False
2026-10-16,110.0,Call,0.13,0.12,0.14,+0.13,75,2223,0.17370000000000002,04/24/26,0.13,True
2026-10-16,110.0,Put,23.25,23.25,23.85,unch,0,13,0.2699,,23.55,False
2026-10-16,115.0,Call,0.1,0.09,0.11,unch,0,650,0.1928,04/17/26,0.1,True
2026-10-16,115.0,Put,0.0,28.3,28.8,unch,0,0,0.3072,,28.55,False
